Algorithm,InputSize,OrderingType,RunNumber,ElapsedMilliseconds,OperationCount
MergeSort,100,sorted,1,0.1574,316
MergeSort,100,sorted,2,0.1331,316
MergeSort,100,sorted,3,0.1296,316
MergeSort,100,sorted,4,0.1293,316
MergeSort,100,sorted,5,0.1261,316

BubbleSort,100,sorted,1,0.0249,99
BubbleSort,100,sorted,2,0.0234,99
BubbleSort,100,sorted,3,0.0200,99
BubbleSort,100,sorted,4,0.0193,99
BubbleSort,100,sorted,5,0.0192,99

InsertionSort,100,sorted,1,0.0279,99
InsertionSort,100,sorted,2,0.0268,99
InsertionSort,100,sorted,3,0.0238,99
InsertionSort,100,sorted,4,0.0232,99
InsertionSort,100,sorted,5,0.0228,99

MergeSort,100,reverse,1,0.1562,356
MergeSort,100,reverse,2,0.1531,356
MergeSort,100,reverse,3,0.1684,356
MergeSort,100,reverse,4,0.1508,356
MergeSort,100,reverse,5,0.1502,356

BubbleSort,100,reverse,1,0.7178,4950
BubbleSort,100,reverse,2,0.6971,4950
BubbleSort,100,reverse,3,0.6975,4950
BubbleSort,100,reverse,4,0.7034,4950
BubbleSort,100,reverse,5,0.7288,4950

InsertionSort,100,reverse,1,0.4487,4950
InsertionSort,100,reverse,2,0.4415,4950
InsertionSort,100,reverse,3,0.4530,4950
InsertionSort,100,reverse,4,1.0107,4950
InsertionSort,100,reverse,5,1.3278,4950

MergeSort,1000,sorted,1,0.8939,4932
MergeSort,1000,sorted,2,0.9499,4932
MergeSort,1000,sorted,3,0.8584,4932
MergeSort,1000,sorted,4,0.8695,4932
MergeSort,1000,sorted,5,0.8525,4932

BubbleSort,1000,sorted,1,0.1240,999
BubbleSort,1000,sorted,2,0.1127,999
BubbleSort,1000,sorted,3,0.1104,999
BubbleSort,1000,sorted,4,0.1115,999
BubbleSort,1000,sorted,5,0.1126,999

InsertionSort,1000,sorted,1,0.1353,999
InsertionSort,1000,sorted,2,0.1368,999
InsertionSort,1000,sorted,3,0.1331,999
InsertionSort,1000,sorted,4,0.1311,999
InsertionSort,1000,sorted,5,0.1308,999

MergeSort,1000,reverse,1,1.6808,5044
MergeSort,1000,reverse,2,1.6563,5044
MergeSort,1000,reverse,3,1.6595,5044
MergeSort,1000,reverse,4,1.6718,5044
MergeSort,1000,reverse,5,1.6673,5044

BubbleSort,1000,reverse,1,54.6405,499500
BubbleSort,1000,reverse,2,40.9065,499500
BubbleSort,1000,reverse,3,40.5809,499500
BubbleSort,1000,reverse,4,40.5581,499500
BubbleSort,1000,reverse,5,46.2491,499500

InsertionSort,1000,reverse,1,44.8376,499500
InsertionSort,1000,reverse,2,55.6175,499500
InsertionSort,1000,reverse,3,74.6535,499500
InsertionSort,1000,reverse,4,38.9643,499500
InsertionSort,1000,reverse,5,23.4281,499500
MergeSort,10000,sorted,1,29.9676,64608
MergeSort,10000,sorted,2,32.5053,64608
MergeSort,10000,sorted,3,24.5055,64608
MergeSort,10000,sorted,4,10.9071,64608
MergeSort,10000,sorted,5,10.5857,64608
BubbleSort,10000,sorted,1,1.1064,9999
BubbleSort,10000,sorted,2,1.0888,9999
BubbleSort,10000,sorted,3,1.0806,9999
BubbleSort,10000,sorted,4,1.0806,9999
BubbleSort,10000,sorted,5,1.0800,9999
InsertionSort,10000,sorted,1,1.4068,9999
InsertionSort,10000,sorted,2,1.2739,9999
InsertionSort,10000,sorted,3,1.3390,9999
InsertionSort,10000,sorted,4,1.6059,9999
InsertionSort,10000,sorted,5,1.7990,9999
MergeSort,10000,sorted,1,19.5232,64608
MergeSort,10000,sorted,2,22.4972,64608
MergeSort,10000,sorted,3,13.3452,64608
MergeSort,10000,sorted,4,12.9715,64608
MergeSort,10000,sorted,5,14.6437,64608
BubbleSort,10000,sorted,1,1.3672,9999
BubbleSort,10000,sorted,2,1.1366,9999
BubbleSort,10000,sorted,3,1.1013,9999
BubbleSort,10000,sorted,4,1.1589,9999
BubbleSort,10000,sorted,5,1.1626,9999
InsertionSort,10000,sorted,1,1.2946,9999
InsertionSort,10000,sorted,2,1.3473,9999
InsertionSort,10000,sorted,3,1.3949,9999
InsertionSort,10000,sorted,4,1.3437,9999
InsertionSort,10000,sorted,5,1.4188,9999
MergeSort,10000,reverse,1,10.7559,69008
MergeSort,10000,reverse,2,11.0831,69008
MergeSort,10000,reverse,3,11.9147,69008
MergeSort,10000,reverse,4,12.0125,69008
MergeSort,10000,reverse,5,10.7226,69008
BubbleSort,10000,reverse,1,4387.1012,49995000
BubbleSort,10000,reverse,2,4583.5670,49995000
BubbleSort,10000,reverse,3,4337.9475,49995000
BubbleSort,10000,reverse,4,4288.6379,49995000
BubbleSort,10000,reverse,5,4332.5725,49995000
InsertionSort,10000,reverse,1,2470.5544,49995000
InsertionSort,10000,reverse,2,2583.2733,49995000
InsertionSort,10000,reverse,3,2435.2497,49995000
InsertionSort,10000,reverse,4,2473.3036,49995000
InsertionSort,10000,reverse,5,2494.7338,49995000
MergeSort,100000,sorted,1,123.5853,815024
MergeSort,100000,sorted,2,135.2093,815024
MergeSort,100000,sorted,3,130.6143,815024
MergeSort,100000,sorted,4,130.9704,815024
MergeSort,100000,sorted,5,122.1405,815024
BubbleSort,100000,sorted,1,11.4581,99999
BubbleSort,100000,sorted,2,11.9421,99999
BubbleSort,100000,sorted,3,11.7134,99999
BubbleSort,100000,sorted,4,11.9624,99999
BubbleSort,100000,sorted,5,11.9055,99999
InsertionSort,100000,sorted,1,41.4683,99999
InsertionSort,100000,sorted,2,15.5863,99999
InsertionSort,100000,sorted,3,13.9824,99999
InsertionSort,100000,sorted,4,14.0407,99999
InsertionSort,100000,sorted,5,14.1142,99999
MergeSort,100000,reverse,1,135.9936,853904
MergeSort,100000,reverse,2,127.8286,853904
MergeSort,100000,reverse,3,134.6424,853904
MergeSort,100000,reverse,4,122.3665,853904
MergeSort,100000,reverse,5,120.6960,853904
